genre,average rating
Western,3.823529411764706
Drama,3.6542900150526845
Mystery,3.5160714285714287
